﻿pos_x,pos_y,rotation,side,designator,mpn,pack,footprint,value,mount_type
67.709568,-94.587281,4.0,top,D1,,,ComboDiode,,tht
125.379501,-79.439709,0.0,top,D10,,,ComboDiode,,tht
125.379501,-60.289709,0.0,top,D11,,,ComboDiode,,tht
125.379501,-41.139709,0.0,top,D12,,,ComboDiode,,tht
146.029501,-84.227209,0.0,top,D13,,,ComboDiode,,tht
146.029501,-65.077209,0.0,top,D14,,,ComboDiode,,tht
146.029501,-45.927209,0.0,top,D15,,,ComboDiode,,tht
165.179501,-89.014709,0.0,top,D16,,,ComboDiode,,tht
165.179501,-69.864709,0.0,top,D17,,,ComboDiode,,tht
165.179501,-50.714709,0.0,top,D18,,,ComboDiode,,tht
168.596383,-127.796235,-23.0,top,D19,,,ComboDiode,,tht
66.373731,-75.483929,4.0,top,D2,,,ComboDiode,,tht
186.192818,-136.084736,-29.0,top,D20,,,ComboDiode,,tht
65.037895,-56.380577,4.0,top,D3,,,ComboDiode,,tht
86.812919,-93.251444,4.0,top,D4,,,ComboDiode,,tht
85.477083,-74.148093,4.0,top,D5,,,ComboDiode,,tht
84.141246,-55.044741,4.0,top,D6,,,ComboDiode,,tht
106.229501,-84.227209,0.0,top,D7,,,ComboDiode,,tht
106.229501,-65.077209,0.0,top,D8,,,ComboDiode,,tht
106.229501,-45.927209,0.0,top,D9,,,ComboDiode,,tht
191.679501,-80.014709,0.0,top,PAD1,,,SMDPad,,tht
197.012834,-127.014709,0.0,top,PAD2,,,SMDPad,,tht
186.346167,-127.014709,0.0,top,PAD3,,,SMDPad,,tht
207.904501,-73.614709,0.0,top,PWR1,,,power_switch_smd_side,,smt
