﻿pos_x,pos_y,rotation,side,designator,mpn,pack,footprint,value,mount_type
69.409568,-97.387281,4.0,top,D1,,,ComboDiode,,tht
127.079501,-82.239709,0.0,top,D10,,,ComboDiode,,tht
127.079501,-63.089709,0.0,top,D11,,,ComboDiode,,tht
127.079501,-43.939709,0.0,top,D12,,,ComboDiode,,tht
147.729501,-87.027209,0.0,top,D13,,,ComboDiode,,tht
147.729501,-67.877209,0.0,top,D14,,,ComboDiode,,tht
147.729501,-48.727209,0.0,top,D15,,,ComboDiode,,tht
166.879501,-91.814709,0.0,top,D16,,,ComboDiode,,tht
166.879501,-72.664709,0.0,top,D17,,,ComboDiode,,tht
166.879501,-53.514709,0.0,top,D18,,,ComboDiode,,tht
169.003892,-126.152914,-20.0,top,D19,,,ComboDiode,,tht
68.073731,-78.283929,4.0,top,D2,,,ComboDiode,,tht
188.073244,-134.753908,-26.0,top,D20,,,ComboDiode,,tht
66.737895,-59.180577,4.0,top,D3,,,ComboDiode,,tht
88.512919,-96.051444,4.0,top,D4,,,ComboDiode,,tht
87.177083,-76.948093,4.0,top,D5,,,ComboDiode,,tht
85.841246,-57.844741,4.0,top,D6,,,ComboDiode,,tht
107.929501,-87.027209,0.0,top,D7,,,ComboDiode,,tht
107.929501,-67.877209,0.0,top,D8,,,ComboDiode,,tht
107.929501,-48.727209,0.0,top,D9,,,ComboDiode,,tht
193.379501,-82.814709,0.0,top,PAD1,,,SMDPad,,tht
198.712834,-129.814709,0.0,top,PAD2,,,SMDPad,,tht
188.046167,-129.814709,0.0,top,PAD3,,,SMDPad,,tht
209.604501,-76.414709,0.0,top,PWR1,,,power_switch_smd_side,,smt
